{"cameraMode":{"drawMode":0,"name":"Shaded","section":"Shading Mode"},"sceneLighting":false,"audioPlay":false,"sceneViewState":{"showFog":true,"showMaterialUpdate":false,"showSkybox":true,"showFlares":true,"showImageEffects":true,"showParticleSystems":true},"in2DMode":false,"pivot":{"x":0.2866644263267517,"y":0.7674713134765625,"z":0.0005769431591033936},"rotation":{"x":0.014310470782220364,"y":0.9025464057922363,"z":-0.030084043741226198,"w":0.42930200695991518},"size":5.495835304260254,"orthographic":false}