{"cameraMode":{"drawMode":0,"name":"Shaded","section":"Shading Mode"},"sceneLighting":true,"audioPlay":false,"sceneViewState":{"showFog":true,"showMaterialUpdate":false,"showSkybox":true,"showFlares":true,"showImageEffects":true,"showParticleSystems":true},"in2DMode":false,"pivot":{"x":0.7163143157958984,"y":-19.570680618286134,"z":1.8297929763793946},"rotation":{"x":0.4511033594608307,"y":0.4604094624519348,"z":-0.29434213042259219,"w":0.7056143879890442},"size":50.797386169433597,"orthographic":false}