{"cameraMode":{"drawMode":0,"name":"Shaded","section":"Shading Mode"},"sceneLighting":false,"audioPlay":false,"sceneViewState":{"showFog":true,"showMaterialUpdate":false,"showSkybox":true,"showFlares":true,"showImageEffects":true,"showParticleSystems":true},"in2DMode":false,"pivot":{"x":0.0,"y":0.8674712181091309,"z":0.0005769431591033936},"rotation":{"x":-0.5547908544540405,"y":-0.02071717008948326,"z":0.013820674270391465,"w":-0.8316170573234558},"size":4.786689281463623,"orthographic":false}